178,179,324,325,326,327,328,329,494,495,496,498,492,493,497,499,500,501
178,179,324,325,326,327,328,329,494,495,496,498,492,493,497,499,500,501
178,179,324,325,326,327,328,329,494,495,496,498,492,493,497,499,500,501
178,179,324,325,326,327,328,329,494,495,496,498,492,493,497,499,500,501
178,179,324,325,326,327,328,329,494,495,496,498,492,493,497,499,500,501
178,179,324,325,326,327,328,329,494,495,496,498,492,493,497,499,500,501
178,179,324,325,326,327,328,329,494,495,496,498,492,493,497,499,500,501
178,179,324,325,326,327,328,329,494,495,496,498,492,493,497,499,500,501
178,179,324,325,326,327,328,329,494,495,496,498,492,493,497,499,500,501
178,179,324,325,326,327,328,329,494,495,496,498,492,493,497,499,500,501
178,179,324,325,326,327,328,329,494,495,496,498,492,493,497,499,500,501
178,179,324,325,326,327,328,329,494,495,496,498,492,493,497,499,500,501
178,179,324,325,326,327,328,329,494,495,496,498,492,493,497,499,500,501
178,179,324,325,326,327,328,329,494,495,496,498,492,493,497,499,500,501
178,179,324,325,326,327,328,329,494,495,496,498,492,493,497,499,500,501
178,179,324,325,326,327,328,329,494,495,496,498,492,493,497,499,500,501
178,179,324,325,326,327,328,329,494,495,496,498,492,493,497,499,500,501
178,179,324,325,326,327,328,329,495,494,496,498,492,493,497,499,500,501
178,179,324,325,326,327,328,329,495,494,496,498,492,493,497,499,500,501
178,179,324,325,326,327,328,329,495,494,496,498,492,493,497,499,500,501
178,179,324,325,326,327,328,329,495,494,496,498,492,493,497,499,500,501
178,179,324,325,326,327,328,329,495,494,496,498,492,493,497,499,500,501
178,179,324,325,326,327,328,329,495,494,496,498,492,493,497,499,500,501
178,179,324,325,326,327,328,329,495,494,496,498,492,493,497,499,500,501
178,179,324,325,326,327,328,329,495,494,496,498,492,493,497,499,500,501
178,179,324,325,326,327,328,329,495,494,496,498,492,493,497,499,500,501
178,179,324,325,326,327,328,329,495,494,496,498,492,493,497,499,500,501
178,179,324,325,326,327,328,329,495,494,496,498,492,493,497,499,500,501
178,179,324,325,326,327,328,329,495,494,496,498,492,493,497,499,500,501
178,179,324,325,326,327,328,329,495,494,496,498,492,493,497,499,500,501
178,179,324,325,326,327,328,329,495,494,496,498,492,493,497,499,500,501
178,179,324,325,326,327,328,329,495,494,496,498,492,493,497,499,500,501
178,179,324,325,326,327,328,329,495,494,496,498,492,493,497,499,500,501
178,179,324,325,326,327,328,329,495,494,496,498,492,493,497,499,500,501
178,179,324,325,326,327,328,329,495,494,496,498,492,493,497,499,500,501
178,179,324,325,326,327,328,329,495,494,496,498,492,493,497,499,500,501
178,179,324,325,326,327,328,329,495,494,496,498,492,493,497,499,500,501
178,179,324,325,326,327,328,329,495,494,496,498,492,493,497,499,500,501
178,179,324,325,326,327,328,329,495,494,496,498,492,493,497,499,500,501
178,179,324,325,326,327,328,329,495,494,496,498,492,493,497,499,500,501
178,179,324,325,326,327,328,329,495,494,496,498,492,493,497,499,500,501
178,179,324,325,326,327,328,329,495,494,496,498,492,493,497,499,500,501
178,179,324,325,326,327,328,329,495,494,496,498,492,493,497,499,500,501
178,179,324,325,326,327,328,329,495,494,496,498,492,493,497,499,500,501
178,179,324,325,326,327,328,329,495,494,496,498,492,493,497,499,500,501
178,179,324,325,326,327,328,329,495,494,496,498,492,493,497,499,500,501
178,179,324,325,326,327,328,329,495,494,496,498,492,493,497,499,500,501
178,179,324,325,326,327,328,329,495,494,496,498,492,493,497,499,500,501
178,179,324,325,326,327,328,329,495,494,496,498,492,493,497,499,500,501
178,179,324,325,326,327,328,329,495,494,496,498,492,493,497,499,500,501
178,179,324,325,326,327,328,329,495,494,496,498,492,493,497,499,500,501
178,179,324,325,326,327,328,329,495,494,496,498,492,493,497,499,500,501
178,179,324,325,326,327,328,329,495,494,496,498,492,493,497,499,500,501
178,179,324,325,326,327,328,329,495,494,496,498,492,493,497,499,500,501
178,179,324,325,326,327,328,329,495,494,496,498,492,493,497,499,500,501
178,179,324,325,326,327,328,329,495,494,496,498,492,493,497,499,500,501
178,179,324,325,326,327,328,329,495,494,496,498,492,493,497,499,500,501
178,179,324,325,326,327,328,329,495,494,496,498,492,493,497,499,500,501
178,179,324,325,326,327,328,329,495,494,496,498,492,493,497,499,500,501
178,179,324,325,326,327,328,329,495,494,496,498,492,493,497,499,500,501
178,179,324,325,326,327,328,329,495,494,496,498,492,493,497,499,500,501
178,179,324,325,326,327,328,329,495,494,496,498,492,493,497,499,500,501
178,179,324,325,326,327,328,329,495,494,496,498,492,493,497,499,500,501
178,179,324,325,326,327,328,329,495,494,496,498,492,493,497,499,500,501
178,179,324,325,326,327,328,329,495,494,496,498,492,493,497,499,500,501
178,179,324,325,326,327,328,329,495,494,496,498,492,493,497,499,500,501
178,179,324,325,326,327,328,329,495,494,496,499,492,493,497,498,500,501
178,179,324,325,326,327,328,329,495,494,496,499,492,493,497,498,500,501
178,179,324,325,326,327,328,329,495,494,496,499,492,493,497,498,500,501
178,179,324,325,326,327,328,329,495,494,496,499,492,493,497,498,500,501
178,179,324,325,326,327,328,329,495,494,496,499,492,493,497,498,500,501
178,179,324,325,326,327,328,329,495,494,496,499,492,493,497,498,500,501
178,179,324,325,326,327,328,329,495,494,496,499,492,493,497,498,500,501
178,179,324,325,326,327,328,329,495,494,496,499,492,493,497,498,500,501
178,179,324,325,326,327,328,329,495,494,496,499,492,493,497,498,500,501
178,179,324,325,326,327,328,329,495,494,496,499,492,493,497,498,500,501
178,179,324,325,326,327,328,329,495,494,496,499,492,493,497,498,500,501
178,179,324,325,326,327,328,329,495,494,496,499,492,493,497,498,500,501
178,179,324,325,326,327,328,329,495,494,496,499,492,493,497,498,500,501
178,179,324,325,326,327,328,329,495,494,496,499,492,493,497,498,500,501
178,179,324,325,326,327,328,329,495,494,496,499,492,493,497,498,500,501
178,179,324,325,326,327,328,329,495,494,496,499,492,493,497,498,500,501
178,179,324,325,326,327,328,329,495,494,496,499,492,493,497,498,500,501
178,179,324,325,326,327,328,329,495,494,496,499,492,493,497,498,500,501
178,179,324,325,326,327,328,329,495,494,496,499,492,493,497,498,500,501
178,179,324,325,326,327,328,329,495,494,496,499,492,493,497,498,500,501
178,179,324,325,326,327,328,329,495,494,496,499,492,493,497,498,500,501
178,179,324,325,326,327,328,329,495,494,496,499,492,493,497,498,500,501
178,179,324,325,326,327,328,329,495,494,496,499,492,493,497,498,500,501
178,179,324,325,326,327,328,329,495,494,496,499,492,493,497,498,500,501
178,179,324,325,326,327,328,329,495,494,496,499,492,493,497,498,500,501
178,179,324,325,326,327,328,329,495,494,496,499,492,493,497,498,500,501
178,179,324,325,326,327,328,329,495,494,496,499,492,493,497,498,500,501
178,179,324,325,326,327,328,329,495,494,496,499,492,493,497,498,500,501
178,179,324,325,326,327,328,329,495,494,496,499,492,493,497,498,500,501
178,179,324,325,326,327,328,329,495,494,496,499,492,493,497,498,500,501
178,179,324,325,326,327,328,329,495,494,496,499,492,493,497,498,500,501
178,179,324,325,326,327,328,329,495,494,496,499,492,493,497,498,500,501
178,179,324,325,326,327,328,329,495,494,496,499,492,493,497,498,500,501
178,179,324,325,326,327,328,329,495,494,496,499,492,493,497,498,500,501
178,179,324,325,326,327,328,329,495,494,496,499,492,493,497,498,500,501
178,179,324,325,326,327,328,329,495,494,497,499,492,493,496,498,500,501
178,179,324,325,326,327,328,329,495,494,497,499,492,493,496,498,500,501
178,179,324,325,326,327,328,329,495,494,497,499,492,493,496,498,500,501
178,179,324,325,326,327,328,329,495,494,497,499,492,493,496,498,500,501
178,179,324,325,326,327,328,329,495,494,497,499,492,493,496,498,500,501
178,179,324,325,326,327,328,329,495,494,497,499,492,493,496,498,500,501
178,179,324,325,326,327,328,329,495,494,497,499,492,493,496,498,500,501
178,179,324,325,326,327,328,329,495,494,497,499,492,493,496,498,500,501
178,179,324,325,326,327,328,329,495,494,497,499,492,493,496,498,500,501
178,179,324,325,326,327,328,329,495,494,497,499,492,493,496,498,500,501
178,179,324,325,326,327,328,329,495,494,497,499,492,493,496,498,500,501
178,179,324,325,326,327,328,329,495,494,497,499,492,493,496,498,500,501
178,179,324,325,326,327,328,329,495,494,497,499,492,493,496,498,500,501
178,179,324,325,326,327,328,329,495,494,497,499,492,493,496,498,500,501
178,179,324,325,326,327,328,329,495,494,497,499,492,493,496,498,500,501
178,179,324,325,326,327,328,329,495,494,497,499,492,493,496,498,500,501
178,179,324,325,326,327,328,329,495,494,497,499,492,493,496,498,500,501
178,179,324,325,326,327,328,329,495,494,497,499,492,493,496,498,500,501
178,179,324,325,326,327,328,329,495,494,497,499,492,493,496,498,500,501
178,179,324,325,326,327,328,329,495,494,497,499,492,493,496,498,500,501
178,179,324,325,326,327,328,329,495,494,497,499,492,493,496,498,500,501
178,179,324,325,326,327,328,329,495,494,497,499,492,493,496,498,500,501
178,179,324,325,326,327,328,329,495,494,497,499,492,493,496,498,500,501
178,179,324,325,326,327,328,329,495,494,497,499,492,493,496,498,500,501
178,179,324,325,326,327,328,329,495,494,497,499,492,493,496,498,500,501
178,179,324,325,326,327,328,329,495,494,497,499,492,493,496,498,500,501
178,179,324,325,326,327,328,329,495,494,497,499,492,493,496,498,500,501
178,179,324,325,326,327,328,329,495,494,497,499,492,493,496,498,500,501
178,179,324,325,326,327,328,329,495,494,497,499,492,493,496,498,500,501
178,179,324,325,326,327,328,329,495,494,497,499,492,493,496,498,500,501
178,179,324,325,326,327,328,329,495,494,497,499,492,493,496,498,500,501
178,179,324,325,326,327,328,329,495,494,497,499,492,493,496,498,500,501
178,179,324,325,326,327,328,329,495,494,497,499,492,493,496,498,500,501
178,179,324,325,326,327,328,329,495,494,497,499,492,493,496,498,500,501
178,179,324,325,326,327,328,329,495,494,497,499,492,493,496,498,500,501
178,179,324,325,326,327,328,329,495,494,497,499,492,493,496,498,500,501
178,179,324,325,326,327,328,329,495,494,497,499,492,493,496,498,500,501
178,179,324,325,326,327,328,329,495,494,497,499,492,493,496,498,500,501
178,179,324,325,326,327,328,329,495,494,497,499,492,493,496,498,500,501
178,179,324,325,326,327,328,329,495,494,497,499,492,493,496,498,500,501
178,179,324,325,326,327,328,329,495,494,497,499,492,493,496,498,500,501
178,179,324,325,326,327,328,329,495,494,497,499,492,493,496,498,500,501
178,179,324,325,326,327,328,329,495,494,497,499,492,493,496,498,500,501
178,179,324,325,326,327,328,329,495,494,497,499,492,493,496,498,500,501
178,179,324,325,326,327,328,329,495,494,497,499,492,493,496,498,500,501
178,179,324,325,326,327,328,329,495,494,497,499,492,493,496,498,500,501
178,179,324,325,326,327,328,329,495,494,497,499,492,493,496,498,500,501
178,179,324,325,326,327,328,329,495,494,497,499,492,493,496,498,500,501
178,179,324,325,326,327,328,329,495,494,497,499,492,493,496,498,500,501
178,179,324,325,326,327,328,329,495,494,497,499,492,493,496,498,500,501
178,179,324,325,326,327,328,329,495,494,497,499,492,493,496,498,500,501
178,179,324,325,326,327,328,329,495,494,497,499,492,493,496,498,500,501
178,179,324,325,326,327,328,329,495,494,497,499,492,493,496,498,500,501
178,179,324,325,326,327,328,329,495,494,497,499,492,493,496,498,500,501
178,179,324,325,326,327,328,329,495,494,497,499,492,493,496,498,500,501
178,179,324,325,326,327,328,329,495,494,497,499,492,493,496,498,500,501
178,179,324,325,326,327,328,329,495,494,497,499,492,493,496,498,500,501
178,179,324,325,326,327,328,329,495,494,497,499,492,493,496,498,500,501
178,179,324,325,326,327,328,329,495,494,497,499,492,493,496,498,500,501
178,179,324,325,326,327,328,329,495,494,497,499,492,493,496,498,500,501
178,179,324,325,326,327,328,329,495,494,497,499,492,493,496,498,500,501
178,179,324,325,326,327,328,329,495,494,497,499,492,493,496,498,500,501
178,179,324,325,326,327,328,329,495,494,497,499,492,493,496,498,500,501
178,179,324,325,326,327,328,329,495,494,497,499,492,493,496,498,500,501
178,179,324,325,326,327,328,329,495,494,497,499,492,493,496,498,500,501
178,179,324,325,326,327,328,329,495,494,497,499,492,493,496,498,500,501
178,179,324,325,326,327,328,329,495,494,497,499,492,493,496,498,500,501
178,179,324,325,326,327,328,329,495,494,497,499,492,493,496,498,500,501
178,179,324,325,326,327,328,329,495,494,497,499,492,493,496,498,500,501
178,179,324,325,326,327,328,329,495,494,497,499,492,493,496,498,500,501
178,179,324,325,326,327,328,329,495,494,497,499,492,493,496,498,500,501
178,179,324,325,326,327,328,329,495,494,497,499,492,493,496,498,500,501
178,179,324,325,326,327,328,329,495,494,497,499,492,493,496,498,500,501
178,179,324,325,326,327,328,329,495,494,497,499,492,493,496,498,500,501
178,179,324,325,326,327,328,329,495,494,497,499,492,493,496,498,500,501
178,179,324,325,326,327,328,329,495,494,497,499,492,493,496,498,500,501
178,179,324,325,326,327,328,329,495,494,497,499,492,493,496,498,500,501
178,179,324,325,326,327,328,329,495,494,497,499,492,493,496,498,500,501
178,179,324,325,326,327,328,329,495,494,497,499,492,493,496,498,500,501
178,179,324,325,326,327,328,329,495,494,497,499,492,493,496,498,500,501
178,179,324,325,326,327,328,329,495,494,497,499,492,493,496,498,500,501
178,179,324,325,326,327,328,329,495,494,497,499,492,493,496,498,500,501
178,179,324,325,326,327,328,329,495,494,497,499,492,493,496,498,500,501
178,179,324,325,326,327,328,329,495,494,497,499,492,493,496,498,500,501
178,179,324,325,326,327,328,329,495,494,497,499,492,493,496,498,500,501
178,179,324,325,326,327,328,329,495,494,497,499,492,493,496,498,500,501
178,179,324,325,326,327,328,329,495,494,497,499,492,493,496,498,500,501
178,179,324,325,326,327,328,329,495,494,497,499,492,493,496,498,500,501
178,179,324,325,326,327,328,329,495,494,497,499,492,493,496,498,500,501
178,179,324,325,326,327,328,329,495,494,497,499,492,493,496,498,500,501
178,179,324,325,326,327,328,329,495,494,497,499,492,493,496,498,500,501
178,179,324,325,326,327,328,329,494,495,497,499,492,493,496,498,500,501
178,179,324,325,326,327,328,329,494,495,497,499,492,493,496,498,500,501
178,179,324,325,326,327,328,329,494,495,497,499,492,493,496,498,500,501
178,179,324,325,326,327,328,329,494,495,497,499,492,493,496,498,500,501
178,179,324,325,326,327,328,329,494,495,497,499,492,493,496,498,500,501
178,179,324,325,326,327,328,329,494,495,497,499,492,493,496,498,500,501
178,179,324,325,326,327,328,329,494,495,497,499,496,493,496,498,500,501
178,179,324,325,326,327,328,329,494,495,497,499,496,493,496,498,500,501
178,179,324,325,326,327,328,329,494,495,497,499,496,493,496,498,500,501
178,179,324,325,326,327,328,329,494,495,497,499,496,493,496,498,500,501
178,179,324,325,326,327,328,329,494,495,497,499,496,493,496,498,500,501
178,179,324,325,326,327,328,329,494,495,497,499,496,493,496,498,500,501
178,179,324,325,326,327,328,329,494,495,497,499,496,493,496,498,500,501
178,179,324,325,326,327,328,329,494,495,497,499,496,493,496,498,500,501
178,179,324,325,326,327,328,329,494,495,497,499,496,493,496,498,500,501
178,179,324,325,326,327,328,329,494,495,497,499,496,493,496,498,500,501
178,179,324,325,326,327,328,329,494,495,497,499,496,493,496,498,500,501
178,179,324,325,326,327,328,329,494,495,497,499,496,493,496,498,500,501
178,179,324,325,326,327,328,329,494,495,497,499,496,493,496,498,500,501
178,179,324,325,326,327,328,329,494,495,497,499,496,493,496,498,500,501
178,179,324,325,326,327,328,329,494,495,497,499,496,493,492,498,500,501
178,179,324,325,326,327,328,329,494,495,497,499,496,493,492,498,500,501
178,179,324,325,326,327,328,329,494,495,497,499,496,493,492,498,500,501
178,179,324,325,326,327,328,329,498,495,497,499,496,493,492,498,500,501
178,179,324,325,326,327,328,329,498,495,497,499,496,493,492,498,500,501
178,179,324,325,326,327,328,329,498,495,497,499,496,493,492,498,500,501
178,179,324,325,326,327,328,329,498,495,497,499,496,493,492,498,500,501
178,179,324,325,326,327,328,329,498,495,497,499,496,493,492,498,500,501
178,179,324,325,326,327,328,329,498,495,497,499,496,493,492,498,500,501
178,179,324,325,326,327,328,329,498,495,497,499,496,493,492,498,500,501
178,179,324,325,326,327,328,329,498,495,497,499,496,493,492,498,500,501
178,179,324,325,326,327,328,329,498,495,497,499,496,493,492,498,500,501
178,179,324,325,326,327,328,329,498,495,497,499,496,493,492,498,500,501
178,179,324,325,326,327,328,329,498,495,497,499,496,493,492,494,500,501
178,179,324,325,326,327,328,329,498,495,497,499,496,493,492,494,500,501
178,179,324,325,326,327,328,329,498,495,497,499,496,493,492,494,500,501
178,179,324,325,326,327,328,329,498,495,497,499,496,493,492,494,500,501
178,179,324,325,326,327,328,329,498,495,497,499,496,493,492,494,500,501
178,179,324,325,326,327,328,329,498,495,497,499,496,493,492,494,500,501
178,180,324,325,326,327,328,329,498,495,497,499,496,493,492,494,500,501
178,180,324,325,326,327,328,329,498,495,497,499,496,493,492,494,500,501
178,180,324,325,326,327,328,329,498,495,497,499,496,493,492,494,500,501
178,180,324,325,326,327,328,329,498,495,497,499,496,493,492,494,500,501
178,180,324,325,326,327,328,329,498,495,497,499,496,493,492,494,500,501
178,180,324,325,326,327,328,329,498,495,497,499,496,493,492,494,500,501
178,180,324,325,326,327,328,329,498,495,497,499,496,493,492,494,500,501
178,180,324,325,326,327,328,329,498,495,497,499,496,493,492,494,500,501
178,180,324,325,326,327,328,329,498,495,497,499,496,493,492,494,500,501
178,180,324,325,326,327,328,329,498,495,497,499,496,493,492,494,500,501
178,180,324,325,326,327,328,329,498,495,497,499,496,493,492,494,500,501
178,180,324,325,326,327,328,329,498,495,497,499,496,493,492,494,500,501
178,180,324,325,326,327,328,329,498,495,497,499,496,493,492,494,500,501
178,180,324,325,326,327,328,329,498,495,497,499,496,493,492,494,500,501
179,181,324,325,326,327,328,329,498,495,497,499,496,493,492,494,500,501
179,181,324,325,326,327,328,329,498,495,497,499,496,493,492,494,500,501
179,181,324,325,326,327,328,329,498,495,497,499,496,493,492,494,500,501
179,181,324,325,326,327,328,329,498,495,497,499,496,493,492,494,500,501
179,182,324,325,326,327,328,329,498,495,497,499,496,493,492,494,500,501
179,182,324,325,326,327,328,329,498,495,497,499,496,493,492,494,500,501
179,182,324,325,326,327,328,329,498,495,497,499,496,493,492,494,500,501
179,182,324,325,326,327,328,329,498,495,497,499,496,493,492,494,500,501
179,182,324,325,326,327,328,329,498,495,497,499,496,493,492,494,500,501
179,182,324,325,326,327,328,329,498,495,497,499,496,493,492,494,500,501
179,182,324,325,326,327,328,329,498,495,497,499,496,493,492,494,500,501
179,182,324,325,326,327,328,329,498,495,497,499,496,493,492,494,500,501
179,182,324,325,326,327,328,329,498,495,497,499,496,493,492,494,500,501
179,182,324,325,326,327,328,329,498,495,497,499,496,493,492,494,500,501
180,182,324,325,326,327,328,329,498,495,497,499,496,493,492,494,500,501
180,182,324,325,326,327,328,329,498,495,497,499,496,493,492,494,500,501
180,182,324,325,326,327,328,329,498,495,497,499,496,493,492,494,500,501
180,182,324,325,326,327,328,329,498,495,497,499,496,493,492,494,500,501
181,183,324,325,326,327,328,329,498,495,497,499,496,493,492,494,500,501
181,183,324,325,326,327,328,329,498,495,497,499,496,493,492,494,500,501
181,183,324,325,326,327,328,329,498,495,497,499,496,493,492,494,500,501
181,184,324,325,326,327,328,329,498,495,497,499,496,493,492,494,500,501
181,184,324,325,326,327,328,329,498,495,497,499,496,493,492,494,500,501
181,184,324,325,326,327,328,329,498,495,497,499,496,493,492,494,500,501
181,184,324,325,326,327,328,329,498,495,497,499,496,493,492,494,500,501
181,184,324,325,326,327,328,329,498,495,497,499,496,493,492,494,500,501
181,184,324,325,326,327,328,329,498,495,497,499,496,493,492,494,500,501
181,184,324,325,326,327,328,329,498,495,497,499,496,493,492,494,500,501
181,184,324,325,326,327,328,329,498,495,497,499,496,493,492,494,500,501
181,184,324,325,326,327,328,329,498,495,497,499,496,493,492,494,500,501
181,184,324,325,326,327,328,329,498,495,497,499,496,493,492,494,500,501
181,184,324,325,326,327,328,329,498,495,497,499,496,493,492,494,500,501
182,184,324,325,326,327,328,329,498,495,497,499,496,493,492,494,500,501
182,184,324,325,326,327,328,329,498,495,497,499,496,493,492,494,500,501
182,184,324,325,326,327,328,329,498,495,497,499,496,493,492,494,500,501
182,184,324,325,326,327,328,329,498,495,497,499,496,493,492,494,500,501
183,185,324,325,326,327,328,329,498,495,497,499,496,493,492,494,500,501
183,186,324,325,326,327,328,329,498,495,497,499,496,493,492,494,500,501
183,186,324,325,326,327,328,329,498,492,497,499,496,493,492,494,500,501
183,186,324,325,326,327,328,329,498,492,497,499,496,493,492,494,500,501
183,186,324,325,326,327,328,329,498,492,497,499,496,493,492,494,500,501
183,186,324,325,326,327,328,329,498,492,497,499,496,493,492,494,500,501
183,186,324,325,326,327,328,329,498,492,497,499,496,493,492,494,500,501
183,186,324,325,326,327,328,329,498,492,497,499,496,493,492,494,500,501
183,186,324,325,326,327,328,329,498,492,497,499,496,493,492,494,500,501
183,186,324,325,326,327,328,329,498,492,497,499,496,493,492,494,500,501
183,186,324,325,326,327,328,329,498,492,497,499,496,493,492,494,500,501
183,186,324,325,326,327,328,329,498,492,497,499,496,493,492,494,500,501
183,186,324,325,326,327,328,329,498,492,497,499,496,493,492,494,500,501
183,186,324,325,326,327,328,329,498,492,497,499,496,493,492,494,500,501
184,187,324,325,326,327,328,329,498,492,497,499,496,493,492,494,500,501
184,187,324,325,326,327,328,329,498,492,497,499,496,493,492,494,500,501
185,188,324,325,326,327,328,329,498,492,497,499,496,493,492,494,500,501
185,188,324,325,326,327,328,329,498,492,497,499,496,493,492,494,500,501
185,188,324,325,326,327,328,329,498,492,497,499,496,493,492,494,500,501
185,188,324,325,326,327,328,329,498,492,497,499,496,493,492,494,500,501
185,188,324,325,326,327,328,329,498,492,497,499,496,493,492,494,500,501
185,188,324,325,326,327,328,329,498,492,497,499,496,493,492,494,500,501
185,188,324,325,326,327,328,329,498,492,497,499,496,493,492,494,500,501
185,188,324,325,326,327,328,329,498,492,497,499,496,493,492,494,500,501
185,188,324,325,326,327,328,329,498,492,497,499,496,493,492,494,500,501
185,188,324,325,326,327,328,329,498,492,497,499,496,493,492,494,500,501
185,188,324,325,326,327,328,329,498,492,497,499,496,493,492,494,500,501
185,188,324,325,326,327,328,329,498,492,497,499,496,493,492,494,500,501
186,189,324,325,326,327,328,329,498,492,497,499,496,493,492,494,500,501
186,189,324,325,326,327,328,329,498,492,497,499,496,493,492,494,500,501
186,189,324,325,326,327,328,329,498,492,497,499,496,493,492,494,500,501
187,189,324,325,326,327,328,329,498,492,497,499,496,493,492,494,500,501
187,190,324,325,326,327,328,329,498,492,497,500,496,493,492,494,500,501
187,191,324,325,326,327,328,329,498,492,497,500,496,493,492,494,500,501
187,191,324,325,326,327,328,329,498,492,497,500,496,493,492,494,500,501
187,191,324,325,326,327,328,329,498,492,497,500,496,493,492,494,500,501
187,191,324,325,326,327,328,329,498,492,497,500,496,493,492,494,500,501
187,191,324,325,326,327,328,329,498,492,497,500,496,493,492,494,500,501
187,191,324,325,326,327,328,329,498,492,497,500,496,493,492,494,500,501
187,191,324,325,326,327,328,329,498,492,497,500,496,493,492,494,500,501
187,191,324,325,326,327,328,329,498,492,497,500,496,493,492,494,500,501
187,191,324,325,326,327,328,329,498,492,497,500,496,493,492,494,500,501
187,191,324,325,326,327,328,329,498,492,497,500,496,493,492,494,500,501
188,191,324,325,326,327,328,329,498,492,497,500,496,493,492,494,500,501
188,191,324,325,326,327,328,329,498,492,497,500,496,493,492,494,500,501
188,191,324,325,326,327,328,329,498,492,497,500,496,493,492,494,500,501
188,191,324,325,326,327,328,329,498,492,497,500,496,493,492,494,500,501
188,191,324,325,326,327,328,329,498,492,497,500,496,493,492,494,500,501
189,192,324,325,326,327,328,329,498,492,497,500,496,493,492,494,500,501
190,193,324,325,326,327,328,329,498,492,497,500,496,493,492,494,500,501
190,193,324,325,326,327,328,329,498,492,497,500,496,493,492,494,500,501
190,193,324,325,326,327,328,329,498,492,497,500,496,493,492,494,500,501
190,193,324,325,326,327,328,329,498,492,497,500,496,493,492,494,500,501
190,193,324,325,326,327,328,329,498,492,497,500,496,493,492,494,499,501
190,193,324,325,326,327,328,329,498,492,497,500,496,493,492,494,499,501
190,193,324,325,326,327,328,329,498,492,497,500,496,493,492,494,499,501
190,193,324,325,326,327,328,329,498,492,497,500,496,493,492,494,499,501
190,193,324,325,326,327,328,329,498,492,497,500,496,493,492,494,499,501
190,193,324,325,326,327,328,329,498,492,497,500,496,493,492,494,499,501
190,193,324,325,326,327,328,329,498,492,497,500,496,493,492,494,499,501
190,193,324,325,326,327,328,329,498,492,497,500,496,493,492,494,499,501
190,193,324,325,326,327,328,329,498,492,497,500,496,493,492,494,499,501
190,193,324,325,326,327,328,329,498,492,497,500,496,493,492,494,499,501
191,193,324,325,326,327,328,329,498,492,497,500,496,493,492,494,499,501
192,194,324,325,326,327,328,329,498,492,497,500,496,493,492,494,499,501
192,194,324,325,326,327,328,329,498,492,497,500,496,493,492,494,499,501
192,194,324,325,326,327,328,329,498,492,497,500,496,493,492,494,499,501
192,194,324,325,326,327,328,329,498,492,497,500,496,493,492,494,499,501
192,194,324,325,326,327,328,329,498,492,497,500,496,493,492,494,499,501
192,194,324,325,326,327,328,329,498,492,497,500,496,493,492,494,499,501
192,194,324,325,326,327,328,329,498,492,497,500,496,493,492,494,499,501
192,194,324,325,326,327,328,329,498,492,497,500,496,493,492,494,499,501
192,194,324,325,326,327,328,329,498,492,497,500,496,493,492,494,499,501
192,194,324,325,326,327,328,329,498,492,497,500,496,493,492,494,499,501
192,194,324,325,326,327,328,329,498,492,497,500,496,493,492,494,499,501
192,194,324,325,326,327,328,329,498,492,497,500,496,493,492,494,499,501
192,194,324,325,326,327,328,329,498,492,497,500,496,493,492,494,499,501
192,194,324,325,326,327,328,329,498,492,497,500,496,493,492,494,499,501
192,196,324,325,326,327,328,329,498,492,497,500,496,493,492,494,499,501
192,196,324,325,326,327,328,329,498,492,497,500,496,493,492,494,499,501
192,196,324,325,326,327,328,329,498,493,497,500,496,492,493,494,499,501
192,196,324,325,326,327,328,329,498,493,497,500,496,492,493,494,499,501
192,196,324,325,326,327,328,329,498,493,497,500,496,492,493,494,499,501
192,196,324,325,326,327,328,329,498,493,497,500,496,492,493,494,499,501
192,196,324,325,326,327,328,329,498,493,497,500,496,492,493,494,499,501
192,196,324,325,326,327,328,329,498,493,497,500,496,492,493,494,499,501
193,197,324,325,326,327,328,329,498,493,497,500,496,492,493,494,499,501
193,197,324,325,326,327,328,329,498,493,497,500,496,492,493,494,499,501
193,197,324,325,326,327,328,329,498,493,497,500,496,492,493,494,499,501
193,197,324,325,326,327,328,329,498,493,497,500,496,492,493,494,499,501
193,197,324,325,326,327,328,329,498,493,497,500,496,492,493,494,499,501
193,197,324,325,326,327,328,329,498,493,497,500,496,492,493,494,499,501
193,197,324,325,326,327,328,329,498,493,497,500,496,492,493,494,499,501
193,198,324,325,326,327,328,329,498,493,497,500,496,492,493,494,499,501
193,198,324,325,326,327,328,329,498,493,497,500,496,492,493,494,499,501
195,200,324,325,326,327,328,329,498,493,497,500,496,492,493,494,499,501
195,200,324,325,326,327,328,329,498,493,497,500,496,492,493,494,499,501
195,200,324,325,326,327,328,329,498,493,497,500,496,492,493,494,499,501
195,200,324,325,326,327,328,329,498,493,497,500,496,492,493,494,499,501
195,200,324,325,326,327,328,329,498,493,497,500,496,492,493,494,499,501
195,200,324,325,326,327,328,329,498,493,497,500,496,492,493,494,499,501
195,200,324,325,326,327,328,329,498,493,497,500,496,492,493,494,499,501
195,200,324,325,326,327,328,329,498,493,497,500,496,492,493,494,499,501
195,200,324,325,326,327,328,329,498,493,497,500,496,492,493,494,499,501
195,200,324,325,326,327,328,329,498,493,497,500,496,492,493,494,499,501
195,200,324,325,326,327,328,329,498,493,497,500,496,492,493,494,499,501
195,200,324,325,326,327,328,329,498,493,497,500,496,492,493,494,499,501
195,200,324,325,326,327,328,329,498,493,497,500,496,492,493,494,499,501
196,200,324,325,326,327,328,329,498,493,497,500,496,492,493,494,499,501
196,200,324,325,326,327,328,329,498,493,497,500,496,492,493,494,499,501
196,200,324,325,326,327,328,329,498,493,497,500,496,492,493,494,499,501
196,200,324,325,326,327,328,329,498,493,497,500,496,492,493,494,499,501
196,200,324,325,326,327,328,329,498,493,497,500,496,492,493,494,499,501
196,200,324,325,326,327,328,329,498,493,497,500,496,492,493,494,499,501
198,200,324,325,326,327,328,329,498,493,497,500,496,492,493,494,499,501
198,200,324,325,326,327,328,329,498,493,497,500,496,492,493,494,499,501
198,200,324,325,326,327,328,329,498,493,497,500,496,492,493,494,499,501
199,201,324,325,326,327,328,329,498,493,497,500,496,492,493,494,499,501
199,201,324,325,326,327,328,329,498,493,497,500,496,492,493,494,499,501
199,201,324,325,326,327,328,329,498,493,497,500,496,492,493,494,499,501
199,201,324,325,326,327,328,329,498,493,497,500,496,492,493,494,499,501
199,201,324,325,326,327,328,329,498,493,497,500,496,492,493,494,499,501
199,201,324,325,326,327,328,329,498,493,497,500,496,492,493,494,499,501
199,201,324,325,326,327,328,329,498,493,497,500,496,492,493,494,499,501
199,201,324,325,326,327,328,329,498,493,497,500,496,492,493,494,499,501
199,202,324,325,326,327,328,329,498,493,497,500,496,492,493,494,499,501
199,202,324,325,326,327,328,329,498,493,497,500,496,492,493,494,499,501
199,202,324,325,326,327,328,329,498,493,497,500,496,492,493,494,499,501
199,202,324,325,326,327,328,329,498,493,497,500,496,492,493,494,499,501
199,202,324,325,326,327,328,329,498,493,497,500,496,492,493,494,499,501
199,202,324,325,326,327,328,329,498,493,497,500,496,492,493,494,499,501
199,202,324,325,326,327,328,329,498,493,497,500,496,492,493,494,499,501
199,202,324,325,326,327,328,329,498,493,497,500,496,492,493,494,499,501
199,202,324,325,326,327,328,329,498,493,497,500,496,492,493,494,499,501
199,202,324,325,326,327,328,329,498,493,497,500,496,492,493,494,499,501
199,202,324,325,326,327,328,329,498,493,497,500,496,492,493,494,499,501
199,202,324,325,326,327,328,329,498,493,497,500,496,492,493,494,499,501
199,202,324,325,326,327,328,329,498,493,497,500,496,492,493,494,499,501
199,202,324,325,326,327,328,329,498,493,497,500,496,492,493,494,499,501
199,202,324,325,326,327,328,329,498,493,497,500,496,492,493,494,499,501
199,202,324,325,326,327,328,329,498,493,497,500,496,492,493,494,499,501
200,202,324,325,326,327,328,329,498,493,497,500,496,492,493,494,499,501
200,202,324,325,326,327,328,329,498,493,497,500,496,492,493,494,499,501
200,202,324,325,326,327,328,329,498,493,497,500,496,492,493,494,499,501
200,202,324,325,326,327,328,329,498,493,497,500,496,492,493,494,499,501
200,202,324,325,326,327,328,329,498,493,497,500,496,492,493,494,499,501
200,202,324,325,326,327,328,329,498,493,497,500,496,492,493,494,499,501
200,202,324,325,326,327,328,329,498,493,497,500,496,492,493,494,499,501
201,203,324,325,326,327,328,329,498,493,497,500,496,492,493,494,499,501
201,203,324,325,326,327,328,329,498,493,497,500,496,492,493,494,499,501
201,203,324,325,326,327,328,329,498,493,497,500,496,492,493,494,499,501
201,204,324,325,326,327,328,329,498,493,497,500,496,492,493,494,499,501
201,204,324,325,326,327,328,329,498,493,497,500,496,492,493,494,499,501
201,204,324,325,326,327,328,329,498,493,497,500,496,492,493,494,499,501
201,204,324,325,326,327,328,329,498,493,497,500,496,492,493,494,499,501
201,204,324,325,326,327,328,329,498,493,497,500,496,492,493,494,499,501
201,204,324,325,326,327,328,329,498,493,497,500,496,492,493,494,499,501
201,204,324,325,326,327,328,329,498,493,497,500,496,492,493,494,499,501
201,206,324,325,326,327,328,329,498,493,497,500,496,492,493,494,499,501
201,206,324,325,326,327,328,329,498,493,497,500,496,492,493,494,499,501
201,206,324,325,326,327,328,329,498,493,497,500,496,492,493,494,499,501
201,206,324,325,326,327,328,329,498,493,497,500,496,492,493,494,499,501
201,206,324,325,326,327,328,329,498,493,497,500,496,492,493,494,499,501
201,206,324,325,326,327,328,329,498,493,497,500,496,492,493,494,499,501
201,206,324,325,326,327,328,329,498,493,497,500,496,492,493,494,499,501
201,206,324,325,326,327,328,329,498,493,497,500,496,492,493,494,499,501
201,206,324,325,326,327,328,329,498,493,497,500,496,492,493,494,499,501
201,206,324,325,326,327,328,329,498,493,497,500,496,492,493,494,499,501
201,206,324,325,326,327,328,329,498,493,497,500,496,492,493,494,499,501
201,206,324,325,326,327,328,329,498,493,497,500,496,492,493,494,499,501
201,206,324,325,326,327,328,329,498,493,497,500,496,492,493,494,499,501
202,206,324,325,326,327,328,329,498,493,497,500,496,492,493,494,499,501
202,206,324,325,326,327,328,329,498,493,497,500,496,492,493,494,499,501
202,206,324,325,326,327,328,329,498,493,497,500,496,492,493,494,499,501
202,206,324,325,326,327,328,329,498,493,497,500,496,492,493,494,499,501
202,206,324,325,326,327,328,329,498,493,497,500,496,492,493,494,499,501
202,207,324,325,326,327,328,329,498,493,497,500,496,492,493,494,499,501
202,207,324,325,326,327,328,329,498,493,497,500,496,492,493,494,499,501
203,208,324,325,326,327,328,329,498,493,497,500,496,492,493,494,499,501
203,208,324,325,326,327,328,329,498,493,497,500,496,492,493,494,499,501
203,208,324,325,326,327,328,329,498,493,497,500,496,492,493,494,499,501
203,208,324,325,326,327,328,329,498,493,497,500,496,492,493,494,499,501
205,208,324,325,326,327,328,329,498,493,497,500,496,492,493,494,499,501
205,210,324,325,326,327,328,329,498,493,497,500,496,492,493,494,499,501
205,210,324,325,326,327,328,329,498,493,497,500,496,492,493,494,499,501
205,210,324,325,326,327,328,329,498,493,497,500,496,492,493,494,499,501
205,210,324,325,326,327,328,329,498,493,497,500,496,492,493,494,499,501
205,210,324,325,326,327,328,329,498,493,497,500,496,492,493,494,499,501
205,210,324,325,326,327,328,329,498,493,497,500,496,492,493,494,499,501
205,210,324,325,326,327,328,329,498,493,497,500,496,492,493,494,499,501
205,210,324,325,326,327,328,329,498,493,497,500,496,492,493,494,499,501
205,210,324,325,326,327,328,329,498,493,497,500,496,492,493,494,499,501
205,210,324,325,326,327,328,329,498,493,497,500,496,492,493,494,499,501
205,210,324,325,326,327,328,329,498,493,497,500,496,492,493,494,499,501
205,210,324,325,326,327,328,329,498,493,497,500,496,492,493,494,499,501
205,210,324,325,326,327,328,329,498,493,497,500,496,492,493,494,499,501
205,210,324,325,326,327,328,329,498,493,497,500,496,492,493,494,499,501
205,210,324,325,326,327,328,329,498,493,497,500,496,492,493,494,499,501
205,210,324,325,326,327,328,329,498,493,497,500,496,492,493,494,499,501
207,210,324,325,326,327,328,329,498,493,497,500,496,492,493,494,499,501
205,211,324,325,326,327,328,329,498,493,497,500,496,492,493,494,499,501
209,211,324,325,326,327,328,329,498,493,497,500,496,492,493,494,499,501
209,211,324,325,326,327,328,329,498,493,497,500,496,492,493,494,499,501
209,211,324,325,326,327,328,329,498,493,497,500,496,492,493,494,499,501
209,211,324,325,326,327,328,329,498,493,497,500,496,492,493,494,499,501
209,211,324,325,326,327,328,329,498,493,497,500,496,492,493,494,499,501
209,211,324,325,326,327,328,329,498,493,497,500,496,492,493,494,499,501
209,211,324,325,326,327,328,329,498,493,497,500,496,492,493,494,499,501
209,211,324,325,326,327,328,329,498,493,497,500,496,492,493,494,499,501
209,212,324,325,326,327,328,329,498,493,497,500,496,492,493,494,499,501
209,212,324,325,326,327,328,329,498,493,497,500,496,492,493,494,499,501
209,213,324,325,326,327,328,329,498,493,497,500,496,492,493,494,499,501
209,213,324,325,326,327,328,329,498,493,497,500,496,492,493,494,499,501
209,213,324,325,326,327,328,329,498,493,497,500,496,492,493,494,499,501
209,213,324,325,326,327,328,329,498,493,497,500,496,492,493,494,499,501
209,213,324,325,326,327,328,329,498,493,497,500,496,492,493,494,499,501
209,213,324,325,326,327,328,329,498,493,497,500,496,492,493,494,499,501
209,213,324,325,326,327,328,329,498,493,497,500,496,492,493,494,499,501
209,213,324,325,326,327,328,329,498,493,497,500,496,492,493,494,499,501
209,213,324,325,326,327,328,329,498,493,492,500,496,492,493,494,499,501
209,213,324,325,326,327,328,329,498,493,492,500,496,492,493,494,499,501
210,213,324,325,326,327,328,329,498,493,492,500,496,492,493,494,499,501
210,213,324,325,326,327,328,329,498,493,492,500,496,492,493,494,499,501
210,213,324,325,326,327,328,329,498,493,492,500,496,492,493,494,499,501
210,213,324,325,326,327,328,329,498,493,492,500,496,492,493,494,499,501
210,213,324,325,326,327,328,329,498,493,492,500,496,492,493,494,499,501
210,213,324,325,326,327,328,329,498,493,492,500,496,492,493,494,499,501
210,213,324,325,326,327,328,329,498,493,492,500,496,492,493,494,499,501
210,213,324,325,326,327,328,329,498,493,492,500,496,492,493,494,499,501
210,213,324,325,326,327,328,329,498,493,492,500,496,492,493,494,499,501
210,213,324,325,326,327,328,329,498,493,492,500,496,492,493,494,499,501
210,213,324,325,326,327,328,329,498,493,492,500,496,492,493,494,499,501
210,213,324,325,326,327,328,329,498,493,492,500,496,492,493,494,499,501
210,213,324,325,326,327,328,329,498,493,492,500,496,492,493,494,499,501
210,213,324,325,326,327,328,329,498,493,492,500,496,492,493,494,499,501
210,213,324,325,326,327,328,329,498,493,492,500,496,492,493,494,499,501
210,213,324,325,326,327,328,329,498,493,492,500,496,492,493,494,499,501
210,213,324,325,326,327,328,329,498,493,492,500,496,492,493,494,499,501
210,215,324,325,326,327,328,329,498,493,492,500,496,492,493,494,499,501
212,215,324,325,326,327,328,329,498,493,492,500,496,492,493,494,499,501
212,215,324,325,326,327,328,329,498,493,492,500,496,492,493,494,499,501
212,215,324,325,326,327,328,329,498,493,492,500,496,492,493,494,499,501
212,215,324,325,326,327,328,329,498,493,492,500,496,492,493,494,499,501
212,215,324,325,326,327,328,329,498,493,492,500,496,492,493,494,499,501
212,215,324,325,326,327,328,329,498,493,492,500,496,492,493,494,499,501
212,215,324,325,326,327,328,329,498,493,492,500,496,492,493,494,499,501
212,215,324,325,326,327,328,329,498,493,492,500,496,492,493,494,499,501
212,215,324,325,326,327,328,329,498,493,492,500,496,492,493,494,499,501
212,215,324,325,326,327,328,329,498,493,492,500,496,492,493,494,499,501
212,215,324,325,326,327,328,329,498,493,492,500,496,492,493,494,499,501
212,215,324,325,326,327,328,329,498,493,492,500,496,492,493,494,499,501
212,215,324,325,326,327,328,329,498,493,492,500,496,492,493,494,499,501
212,215,324,325,326,327,328,329,498,493,492,500,496,492,493,494,499,501
212,215,324,325,326,327,328,329,498,493,492,500,496,492,493,494,499,501
212,215,324,325,326,327,328,329,498,493,492,500,496,492,493,494,499,501
212,215,324,325,326,327,328,329,498,493,492,500,496,492,493,494,499,501
212,215,324,325,326,327,328,329,498,493,492,500,496,492,493,494,499,501
212,215,324,325,326,327,328,329,498,493,492,500,496,492,493,494,499,501
212,215,324,325,326,327,328,329,498,493,492,500,496,492,493,494,499,501
212,215,324,325,326,327,328,329,498,493,492,500,496,492,493,494,499,501
212,215,324,325,326,327,328,329,498,493,492,500,496,492,493,494,499,501
212,215,324,325,326,327,328,329,498,493,492,500,496,492,493,494,499,501
212,215,324,325,326,327,328,329,498,493,492,500,496,492,493,494,499,501
212,215,324,325,326,327,328,329,498,493,492,500,496,492,493,494,499,501
213,215,324,325,326,327,328,329,498,493,492,500,496,492,493,494,499,501
214,215,324,325,326,327,328,329,498,493,492,500,496,492,493,494,499,501
214,215,324,325,326,327,328,329,498,493,492,500,496,492,493,494,499,501
214,215,324,325,326,327,328,329,498,493,492,500,496,492,493,494,499,501
214,215,324,326,326,327,328,329,498,493,492,500,496,492,493,494,499,501
214,215,324,326,326,327,328,329,498,493,492,500,496,492,493,494,499,501
214,215,324,326,326,327,328,329,498,493,492,500,496,492,493,494,499,501
214,215,324,326,326,327,328,329,498,493,492,500,496,492,493,494,499,501
214,215,324,326,326,327,328,329,498,493,492,500,496,492,493,494,499,501
214,215,324,326,326,327,328,329,498,493,492,500,496,492,493,494,499,501
214,215,324,326,326,327,328,329,498,493,492,500,496,492,493,494,499,501
214,215,324,326,326,327,328,329,498,493,492,500,496,492,493,494,499,501
214,215,324,326,326,327,328,329,498,493,492,500,496,492,493,494,499,501
214,215,324,326,326,327,328,329,498,493,492,500,496,492,493,494,499,501
214,215,324,326,326,327,328,329,498,493,492,500,496,492,493,494,499,501
214,215,324,326,326,327,328,329,498,493,492,500,496,492,493,494,499,501
214,215,324,326,326,327,328,329,498,493,492,500,496,492,493,494,499,501
214,215,324,326,326,327,328,329,498,493,492,500,496,492,493,494,499,501
214,215,324,326,326,327,328,329,498,493,492,500,496,492,493,494,499,501
214,215,324,326,326,327,328,329,498,493,492,500,496,492,493,494,499,501
214,215,324,326,326,327,328,329,498,493,492,500,496,492,493,494,499,501
214,215,324,326,326,327,328,329,498,493,492,500,496,492,493,494,499,501
214,215,324,326,326,327,328,329,498,493,492,500,496,492,493,494,499,501
214,215,324,326,326,327,328,329,498,493,492,500,496,492,493,494,499,501
214,215,324,326,326,327,328,329,498,493,492,500,496,492,493,494,499,501
214,215,324,326,326,327,328,329,498,493,492,500,496,492,493,494,499,501
214,215,324,326,326,327,328,329,498,493,492,500,496,492,493,494,499,501
214,215,324,326,326,327,328,329,498,493,492,500,496,492,493,494,499,501
214,215,324,326,326,327,328,329,498,493,492,500,496,492,493,494,499,501
214,215,324,326,326,327,328,329,498,493,492,500,496,492,493,494,499,501
214,215,324,326,326,327,328,329,498,493,492,500,496,492,493,494,499,501
214,215,324,326,326,327,328,329,498,493,492,500,496,492,493,494,499,501
214,215,324,326,326,327,328,329,498,493,492,500,496,492,493,494,499,501
214,215,324,326,326,327,328,329,498,493,492,500,496,492,493,494,499,501
214,215,324,326,326,327,328,329,498,493,492,500,496,492,493,494,495,501
214,215,324,326,326,327,328,329,498,493,492,500,496,492,493,494,495,501
214,215,323,326,326,327,328,329,498,493,492,500,496,492,493,494,495,501
214,215,323,326,326,327,328,329,498,493,492,500,496,492,493,494,495,501
214,215,323,326,326,327,328,329,498,493,492,500,496,492,493,494,495,501
214,215,323,326,324,327,328,329,498,493,492,500,496,492,493,494,495,501
214,215,323,326,324,327,328,329,498,493,492,500,496,492,493,494,495,501
214,215,323,326,324,327,328,329,498,493,492,500,496,492,493,494,495,501
214,215,323,326,324,327,328,329,498,493,492,500,496,492,493,494,495,501
214,215,323,326,324,327,328,329,498,493,492,500,496,492,493,494,495,501
214,215,323,325,324,327,328,329,498,493,492,500,496,492,493,494,495,501
214,215,323,325,324,327,328,329,498,493,492,500,496,492,493,494,495,501
214,215,323,325,324,327,328,329,498,493,492,500,496,492,493,494,495,501
214,215,323,325,324,327,328,329,498,493,492,500,496,492,493,494,495,501
214,215,323,325,324,327,328,329,498,493,492,500,496,492,493,494,495,501
214,215,323,325,324,327,328,329,498,493,492,500,496,492,493,494,495,501
214,215,323,325,324,327,328,329,498,493,492,500,496,492,493,494,495,501
214,215,323,325,324,326,328,329,498,493,492,500,496,492,493,494,495,501
214,215,323,325,324,326,328,329,498,493,492,500,496,492,493,494,495,501
214,215,323,325,324,326,328,329,498,493,492,496,496,492,493,494,495,501
214,215,323,321,324,326,328,329,498,493,492,496,496,492,493,494,495,501
214,215,323,321,324,326,328,329,498,493,492,496,496,492,493,494,495,501
214,215,322,321,324,325,328,329,498,493,492,496,496,492,493,494,495,501
214,215,322,321,324,325,328,329,498,493,492,496,496,492,493,494,495,501
214,215,322,321,324,325,328,329,498,493,492,496,496,492,493,495,494,501
214,215,322,321,324,325,328,329,498,493,492,496,496,492,493,495,494,501
214,215,322,321,324,325,328,329,498,493,492,496,496,492,493,495,494,501
214,215,322,321,324,325,328,327,498,493,492,496,496,492,493,495,494,501
214,215,322,321,323,325,328,327,498,493,492,496,496,492,493,495,494,501
214,215,322,321,323,325,328,327,498,493,492,496,496,492,493,495,494,501
214,215,322,321,323,325,328,327,498,493,492,496,496,492,493,495,494,501
214,215,322,321,323,325,328,327,498,493,492,496,496,492,493,495,494,501
214,215,322,321,323,325,328,327,498,493,492,496,496,492,493,495,494,501
214,215,322,321,323,325,328,327,498,493,492,496,496,492,493,495,494,501
214,215,322,320,323,325,326,327,498,493,492,496,496,492,493,495,494,501
214,217,319,320,323,325,326,327,498,493,492,496,496,492,493,495,494,501
214,217,319,320,323,325,326,327,498,493,492,496,496,492,493,495,494,501
214,217,319,320,322,325,327,326,498,493,492,496,496,492,493,495,494,501
214,217,319,320,322,324,327,326,498,493,492,496,496,492,493,495,494,501
214,217,319,320,322,324,327,326,498,493,492,496,496,492,493,495,494,501
214,217,319,320,322,324,327,326,498,493,492,496,496,492,493,495,494,501
214,217,319,320,322,324,325,326,498,493,492,496,496,492,493,495,494,501
214,217,319,320,322,324,325,326,498,493,492,496,496,492,493,495,494,501
214,217,319,320,322,324,325,326,498,493,492,496,496,492,493,495,494,501
214,217,319,320,322,324,325,326,498,493,492,496,496,492,493,495,494,501
214,217,319,320,322,321,325,326,498,493,492,496,496,492,493,495,494,501
214,217,319,320,321,322,324,326,498,493,492,496,496,492,493,495,494,501
214,217,319,320,321,322,324,326,498,493,492,496,496,492,493,495,494,501
214,217,319,320,321,322,324,326,498,493,492,496,496,492,493,495,494,501
214,217,319,320,321,322,324,326,498,493,492,496,496,492,493,495,494,501
214,217,319,320,321,322,324,326,498,493,492,496,496,492,493,495,494,501
214,217,319,320,321,322,324,326,498,493,492,496,496,492,493,495,494,501
214,217,319,320,322,321,324,325,498,493,492,496,496,492,493,495,494,501
214,217,319,320,322,321,324,325,498,493,492,496,496,492,493,495,494,501
214,217,319,320,317,321,323,325,498,493,492,496,496,492,493,495,494,501
214,217,319,320,317,321,323,325,498,493,492,496,496,492,493,495,494,501
214,217,319,320,317,321,323,325,498,493,492,496,496,492,493,495,494,501
214,217,318,320,317,321,323,325,498,493,492,496,496,492,493,495,494,501
214,217,316,320,317,321,323,325,498,493,492,496,496,492,493,495,494,501
214,217,316,320,317,321,323,324,498,493,492,496,496,492,493,495,494,501
214,217,316,317,317,321,323,324,498,493,492,496,496,492,493,495,494,501
214,217,316,317,317,321,323,324,498,493,492,496,496,492,493,495,494,501
214,217,315,318,318,321,323,324,498,493,492,496,496,492,493,495,494,501
214,217,315,318,318,321,323,324,498,493,492,496,496,492,493,495,494,501
214,217,315,318,318,321,323,324,498,493,492,496,496,492,493,495,494,501
214,217,315,318,318,321,323,324,498,493,492,496,496,492,493,495,494,501
214,217,315,316,318,321,322,324,498,493,492,496,496,492,493,495,494,501
214,217,315,316,314,321,322,324,498,493,492,496,496,492,493,495,494,501
214,217,315,316,314,321,322,324,498,493,492,496,496,492,493,495,494,501
214,217,315,316,314,319,322,323,498,493,492,496,496,492,493,495,494,501
216,219,315,316,314,319,322,323,498,493,492,496,496,492,493,495,494,501
216,219,315,316,314,319,322,323,498,493,492,496,496,492,493,495,494,501
216,219,315,316,314,319,322,323,498,493,492,496,496,492,493,495,494,501
216,219,315,316,314,319,322,323,498,493,492,496,496,492,493,495,494,501
216,219,315,316,314,319,322,323,498,493,492,496,496,492,493,495,494,501
216,219,315,316,314,317,320,323,498,493,492,496,496,492,493,495,494,501
216,219,315,316,314,317,320,323,498,493,492,496,496,492,493,495,494,501
216,219,315,316,314,317,320,323,498,493,492,497,497,492,493,495,494,501
216,219,315,316,314,317,320,322,498,493,492,497,497,492,493,495,494,501
216,219,315,316,314,317,320,322,498,493,492,497,497,492,493,495,494,501
216,219,315,316,314,317,320,322,498,493,492,497,497,492,493,495,494,501
216,219,315,316,314,317,320,321,498,493,492,497,497,492,493,495,494,501
216,219,315,316,314,317,320,321,498,493,492,497,497,492,493,495,494,501
216,219,315,316,314,317,320,321,498,493,492,497,497,492,493,495,494,501
216,219,315,316,314,317,319,321,498,493,492,497,497,492,493,495,494,501
216,219,315,316,314,317,319,321,498,493,492,497,497,492,493,495,494,501
216,219,315,316,314,317,318,321,498,493,492,497,497,492,493,495,494,501
216,219,315,316,314,317,318,321,498,493,492,497,497,492,493,495,494,501
216,219,315,316,314,317,318,320,498,493,492,497,497,492,493,495,494,501
216,219,315,316,314,317,318,320,498,493,492,497,497,492,493,495,494,501
216,219,315,316,314,317,318,319,498,493,492,497,497,492,493,495,494,501
216,219,315,316,314,317,318,319,498,493,492,497,497,492,493,495,494,501
216,219,315,316,314,317,318,319,498,493,492,497,497,492,493,495,494,501
216,219,315,316,314,317,318,319,498,493,492,497,497,492,493,495,494,501
216,219,315,316,314,317,318,319,498,493,492,497,497,492,493,495,494,501
216,219,313,316,312,317,318,319,498,493,492,497,497,492,493,495,494,501
216,219,313,316,312,317,318,319,498,493,492,497,497,492,493,495,494,501
216,219,313,316,312,317,318,319,498,493,492,497,497,492,493,495,494,501
216,219,313,316,312,317,318,319,498,493,492,497,497,492,493,495,494,501
216,219,313,316,312,317,318,319,498,493,492,497,497,492,493,495,494,501
216,219,313,316,312,317,318,319,498,493,492,497,497,492,493,495,494,501
216,219,313,316,312,317,318,319,498,493,492,497,497,492,493,495,494,501
216,219,313,314,312,317,318,319,498,493,492,497,497,492,493,495,494,501
216,219,313,314,312,317,318,319,498,493,492,497,497,492,493,495,494,501
216,219,313,314,312,317,318,319,498,493,492,497,497,492,493,495,494,501
216,219,313,314,312,317,318,319,498,493,492,497,497,492,493,495,494,501
218,219,313,314,310,317,318,319,498,493,492,497,497,492,493,495,494,501
218,219,311,314,310,317,318,319,498,493,492,497,497,492,493,495,494,501
218,219,311,314,310,315,318,319,498,493,492,497,497,492,493,495,494,501
218,219,311,314,310,315,318,319,498,493,492,497,497,492,493,495,494,501
218,219,311,314,310,315,318,319,498,493,492,497,497,492,493,495,494,501
218,219,311,314,310,315,318,319,498,493,492,497,497,492,493,495,494,501
218,219,311,314,310,315,318,319,498,493,492,497,497,492,493,495,494,501
218,219,311,312,310,315,318,319,498,493,492,497,497,492,493,495,494,501
218,219,311,312,310,315,318,319,498,493,492,497,497,492,493,495,494,501
218,219,311,312,310,315,318,319,498,493,492,497,497,492,493,495,494,501
218,219,311,312,310,315,318,319,498,493,492,497,497,492,493,495,494,501
218,219,311,312,310,315,316,319,498,493,492,497,497,492,493,495,494,501
218,219,311,312,310,315,316,319,498,493,492,497,497,492,493,495,494,501
218,219,311,312,310,313,316,319,498,493,492,497,497,492,493,495,494,501
218,219,311,312,310,313,316,319,498,493,492,497,497,492,493,495,494,501
218,219,311,312,310,313,316,319,498,493,492,497,497,492,493,495,494,501
218,219,311,312,310,313,316,317,498,493,492,497,497,492,493,495,494,501
218,219,311,312,310,313,316,317,498,493,492,497,497,492,493,495,494,501
218,219,311,312,310,313,316,317,498,493,492,497,497,492,493,495,494,501
218,219,311,312,310,313,316,317,498,493,492,497,497,492,493,495,494,501
218,219,311,312,310,313,316,317,498,493,492,497,497,492,493,495,494,501
218,219,311,312,310,313,316,317,498,493,492,497,497,492,493,495,494,501
218,219,311,312,310,313,314,317,498,493,492,497,497,492,493,495,494,501
218,219,311,312,310,313,314,317,498,493,492,497,497,492,493,495,494,501
218,219,311,312,310,313,314,317,498,493,492,497,497,492,493,495,494,501
218,219,311,312,310,313,314,317,498,493,492,497,497,492,493,495,494,501
218,219,311,312,310,313,314,317,498,493,492,497,497,492,493,495,494,501
218,219,311,312,310,313,314,315,498,493,492,497,497,492,493,495,494,501
218,219,311,312,310,313,314,315,498,493,492,497,497,492,493,495,494,501
218,219,311,312,310,313,314,315,498,493,492,497,497,492,493,495,494,501
218,219,311,312,310,313,314,315,498,493,492,497,497,492,493,495,494,501
218,219,311,312,310,313,314,315,498,493,492,497,497,492,493,495,494,501
218,219,311,312,310,313,314,315,498,493,492,497,497,492,493,495,494,501
218,219,311,312,310,313,314,315,498,493,492,497,497,492,493,495,494,501
218,219,311,312,310,313,314,315,498,493,492,497,497,492,493,495,494,501
218,219,311,312,310,313,314,315,498,493,492,497,497,492,493,495,494,501
218,219,311,312,310,313,314,315,498,493,492,497,497,492,493,495,494,501
218,219,311,312,310,313,314,315,498,493,492,497,497,492,493,495,494,501
218,219,311,312,310,313,314,315,498,493,492,497,497,492,493,495,494,501
218,219,311,312,310,313,314,315,498,493,492,497,497,492,493,495,494,501
218,219,310,312,311,313,314,315,498,493,492,497,497,492,493,495,494,501
218,219,310,312,311,313,314,315,498,493,492,497,497,492,493,495,494,501
218,219,310,312,311,313,314,315,498,493,492,497,497,492,493,495,494,501
218,219,310,312,311,313,314,315,498,493,492,497,497,492,493,495,494,501
218,219,310,312,311,313,314,315,498,493,492,497,497,492,493,495,494,501
218,219,310,312,311,313,314,315,498,493,492,497,497,492,493,495,494,501
218,219,310,312,311,313,314,315,498,493,492,497,497,492,493,495,494,501
218,219,310,312,311,313,314,315,498,493,492,497,497,492,493,495,494,501
218,219,310,312,311,313,314,315,498,493,492,497,497,492,493,495,494,501
218,219,310,312,311,313,314,315,498,493,492,497,497,492,493,495,494,501
218,219,310,312,311,313,314,315,498,493,492,497,497,492,493,495,494,501
218,219,310,312,311,313,314,315,498,493,492,497,497,492,493,495,494,501
218,219,310,312,311,313,314,315,498,493,492,497,497,492,493,495,494,501
218,219,310,312,311,313,314,315,498,493,492,497,497,492,493,495,494,501
218,219,310,312,311,313,314,315,498,493,492,497,497,492,493,495,494,501
218,219,310,312,311,313,314,315,498,493,492,497,497,492,493,495,494,501
218,219,310,312,311,313,314,315,498,493,492,497,497,492,493,495,494,501
218,219,310,312,311,313,314,315,498,493,492,497,497,492,493,495,494,501
218,219,308,312,309,313,314,315,498,493,492,497,497,492,493,495,494,501
218,219,308,312,309,313,314,315,498,493,492,497,497,492,493,495,494,501
218,219,308,312,309,313,314,315,498,493,492,497,497,492,493,495,494,501
218,219,308,312,309,313,314,315,498,493,492,497,497,492,493,495,494,501
218,219,308,312,309,313,314,315,498,493,492,497,497,492,493,495,494,501
218,219,309,312,308,313,314,315,498,493,492,497,497,492,493,495,494,501
218,221,309,312,308,313,314,315,498,493,492,497,497,492,493,495,494,501
218,221,309,312,308,313,314,315,498,493,492,497,497,492,493,495,494,501
218,221,309,312,308,313,314,315,498,493,492,497,497,492,493,495,494,501
218,221,309,312,308,313,314,315,498,493,492,497,497,492,493,495,494,501
218,221,309,310,308,313,314,315,498,493,492,497,497,492,493,495,494,501
218,221,309,310,308,313,314,315,498,493,492,497,497,492,493,495,494,501
218,221,309,310,308,313,314,315,498,493,492,497,497,492,493,495,494,501
218,221,307,310,306,311,314,315,498,493,492,497,497,492,493,495,494,501
218,221,307,310,306,311,314,315,498,493,492,497,497,492,493,495,494,501
218,221,307,310,306,311,314,315,498,493,492,497,497,492,493,495,494,501
218,221,307,310,306,311,314,315,498,493,492,497,497,492,493,495,494,501
218,221,307,310,306,311,314,315,498,493,492,497,497,492,493,495,494,501
218,221,307,310,306,311,314,315,498,493,492,497,497,492,493,495,494,501
218,221,307,310,306,311,314,315,498,493,492,497,497,492,493,495,494,501
218,221,307,310,306,311,314,315,498,493,492,497,497,492,493,495,494,501
218,221,307,310,306,311,314,315,498,493,492,497,497,492,493,495,494,501
218,221,307,310,306,311,314,315,498,493,492,497,497,492,493,495,494,501
218,221,307,311,306,310,314,315,498,493,492,497,497,492,493,495,494,501
218,221,307,311,306,310,314,315,498,493,492,497,497,492,493,495,494,501
218,221,307,311,306,310,312,315,498,493,492,497,497,492,493,495,494,501
218,221,307,311,306,310,312,315,498,493,492,497,497,492,493,495,494,501
218,221,307,311,306,308,312,315,498,493,492,497,497,492,493,495,494,501
218,221,307,309,306,308,312,315,498,493,492,497,497,492,493,495,494,501
218,221,307,309,306,308,312,315,498,493,492,497,497,492,493,495,494,501
218,221,307,309,306,308,312,315,498,493,492,497,497,492,493,495,494,501
218,221,307,309,305,308,312,315,498,493,492,497,497,492,493,495,494,501
218,221,307,309,305,308,312,315,498,493,492,497,497,492,493,495,494,501
218,221,307,309,305,308,312,315,498,493,492,497,497,492,493,495,494,501
218,221,307,309,305,308,312,315,498,493,492,497,497,492,493,495,494,501
218,221,307,309,305,308,312,315,498,493,492,497,497,492,493,495,494,501
218,221,306,309,305,308,312,315,498,493,492,497,497,492,493,495,494,501
218,221,306,309,305,308,312,315,498,493,492,497,497,492,493,495,494,501
218,221,306,303,305,308,312,315,498,493,492,497,497,492,493,495,494,501
218,221,306,303,305,308,312,315,498,493,492,497,497,492,493,495,494,501
218,221,306,303,305,308,312,315,498,493,492,497,497,492,493,495,494,501
218,221,306,303,305,308,312,315,498,493,492,497,497,492,493,495,494,501
218,221,306,303,305,308,312,315,498,493,492,497,497,492,493,495,494,501
218,221,306,303,305,308,310,315,498,493,492,497,497,492,493,495,494,501
218,221,307,303,305,308,310,315,498,493,492,497,497,492,493,495,494,501
218,221,307,303,305,308,310,313,498,493,492,497,497,492,493,495,494,501
218,221,307,303,305,308,310,313,498,493,492,497,497,492,493,495,494,501
218,221,307,303,305,308,310,313,498,493,492,497,497,492,493,495,494,501
218,221,307,303,305,308,304,313,498,493,492,497,497,492,493,495,494,501
218,221,307,303,305,308,304,313,498,493,492,497,497,492,493,495,494,501
218,221,307,303,305,308,304,306,498,493,492,497,497,492,493,495,494,501
218,221,307,303,305,308,304,306,498,493,492,497,497,492,493,495,494,501
218,221,307,303,305,308,304,306,498,493,492,497,497,492,493,495,494,501
218,221,307,303,305,308,304,306,498,493,492,497,497,492,493,495,494,501
218,221,307,303,305,308,304,306,498,493,492,497,497,492,493,495,494,501
218,221,307,303,305,308,304,306,498,493,492,497,497,492,493,495,494,501
218,223,307,303,305,308,304,306,498,493,492,497,497,492,493,495,494,501
220,223,307,303,305,308,304,306,498,493,492,497,497,492,493,495,494,501
220,223,307,303,305,308,304,306,498,493,492,497,497,492,493,495,494,501
220,223,301,303,305,308,304,306,498,493,492,497,497,492,493,495,494,501
220,223,301,303,305,308,304,306,498,493,492,497,497,492,493,495,494,501
220,223,301,303,305,308,304,306,498,493,492,497,497,492,493,495,494,501
220,223,301,303,305,308,304,306,498,493,492,497,497,492,493,495,494,501
220,223,301,303,305,308,304,306,498,493,492,497,497,492,493,495,494,501
220,223,301,303,305,308,304,306,498,493,492,497,497,492,493,495,494,501
220,223,301,303,305,308,304,306,498,493,492,497,497,492,493,495,494,501
220,223,301,303,305,308,304,306,498,493,492,497,497,492,493,495,494,501
220,223,301,303,306,308,304,305,498,493,492,497,497,492,493,495,494,501
220,223,301,303,306,308,304,305,498,493,492,497,497,492,493,495,494,501
220,223,301,303,306,308,304,305,498,493,492,497,497,492,493,495,494,501
220,223,301,302,306,308,304,305,498,493,492,497,497,492,493,495,494,501
220,223,301,302,306,303,304,305,498,493,492,497,497,492,493,495,494,501
220,223,301,302,306,303,304,305,498,493,492,497,497,492,493,495,494,501
220,223,301,302,306,303,304,305,498,493,492,497,497,492,493,495,494,501
220,223,301,302,306,303,304,305,498,493,492,497,497,492,493,495,494,501
220,223,301,302,306,303,304,305,498,493,492,497,497,492,493,495,494,501
220,223,301,302,306,303,304,305,498,493,492,497,497,492,493,495,494,501
220,223,301,302,306,303,304,305,498,493,492,497,497,492,493,495,494,501
220,223,301,302,306,303,304,305,498,493,492,497,497,492,493,495,494,501
220,223,301,302,306,303,304,305,498,493,492,497,497,492,493,495,494,501
220,223,301,302,306,303,304,305,498,493,492,497,497,492,493,495,494,501
220,223,301,302,306,303,304,305,498,493,492,497,497,492,493,495,494,501
220,223,301,302,306,303,304,305,498,493,492,497,497,492,493,495,494,501
220,223,301,302,306,301,304,305,498,493,492,497,497,492,493,495,494,501
220,223,296,302,306,301,304,305,498,493,492,497,497,492,493,495,494,501
220,223,295,302,306,301,304,305,498,493,492,497,497,492,493,495,494,501
220,223,295,302,306,301,304,305,498,493,492,497,497,492,493,495,494,501
220,223,295,302,294,301,304,305,498,493,492,497,497,492,493,495,494,501
220,223,295,302,294,301,304,305,498,493,492,497,497,492,493,495,494,501
220,223,295,299,292,301,304,305,498,493,492,497,497,492,493,495,494,501
220,223,295,299,292,301,304,305,498,493,492,497,497,492,493,495,494,501
220,223,295,299,292,301,304,305,498,493,492,497,497,492,493,495,494,501
220,223,295,299,292,301,304,305,498,493,492,497,497,492,493,495,494,501
220,223,295,297,292,301,304,305,498,493,492,497,497,492,493,495,494,501
220,223,295,297,292,301,304,305,498,493,492,497,497,492,493,495,494,501
220,223,295,297,292,296,304,305,498,493,492,497,497,492,493,495,494,501
220,223,293,297,292,296,304,305,498,493,492,497,497,492,493,495,494,501
220,223,293,297,292,296,304,305,498,493,492,497,497,492,493,495,494,501
220,223,293,297,292,296,304,305,498,493,492,497,497,492,493,495,494,501
220,223,293,297,292,296,302,305,498,493,492,497,497,492,493,495,494,501
220,223,293,297,292,296,300,305,498,493,492,497,497,492,493,495,494,501
220,223,293,297,292,296,298,305,498,493,492,497,497,492,493,495,494,501
220,223,293,297,292,296,298,305,498,493,492,497,497,492,493,495,494,501
220,223,293,297,292,296,298,305,498,493,492,497,497,492,493,495,494,501
220,223,293,297,292,296,298,303,498,493,492,497,497,492,493,495,494,501
220,223,293,297,292,296,298,303,498,493,492,497,497,492,493,495,494,501
220,223,293,297,292,296,298,303,498,493,492,497,497,492,493,495,494,501
220,223,293,297,292,294,298,303,498,493,492,497,497,492,493,495,494,501
220,223,293,295,292,294,298,303,498,493,492,497,497,492,493,495,494,501
220,223,293,295,292,294,298,303,498,493,492,497,497,492,493,495,494,501
220,223,293,295,292,294,298,303,498,493,492,497,497,492,493,495,494,501
220,223,293,295,292,294,298,303,498,493,492,497,497,492,493,495,494,501
222,223,293,295,292,294,298,303,498,493,492,497,497,492,493,495,494,501
222,223,293,295,292,294,298,303,498,493,492,497,497,492,493,495,494,501
222,223,293,295,292,294,298,302,498,493,492,497,497,492,493,495,494,501
222,223,293,295,292,294,298,301,498,493,492,497,497,492,493,495,494,501
222,223,293,294,292,295,298,301,498,493,492,497,497,492,493,495,494,501
222,223,293,294,292,295,298,299,498,493,492,497,497,492,493,495,494,501
222,223,293,294,292,295,298,299,498,493,492,497,497,492,493,495,494,501
222,223,293,294,292,295,296,299,498,493,492,497,497,492,493,495,494,501
222,223,293,294,292,295,296,299,498,493,492,497,497,492,493,495,494,501
222,223,293,294,292,295,296,299,498,493,492,497,497,492,493,495,494,501
222,223,293,294,292,295,296,299,498,493,492,497,497,492,493,495,494,501
222,223,293,294,292,295,296,299,498,493,492,497,497,492,493,495,494,501
222,223,293,294,292,295,296,299,498,493,492,497,497,492,493,495,494,501
222,223,293,294,292,295,296,299,498,493,492,497,497,492,493,495,494,501
222,223,293,294,292,295,296,299,498,493,492,497,497,492,493,495,494,501
222,223,293,294,292,295,296,299,498,493,492,497,497,492,493,495,494,501
222,223,293,294,292,295,296,299,498,493,492,497,497,492,493,495,494,501
222,223,293,294,292,295,296,299,498,493,492,497,497,492,493,495,494,501
222,223,293,294,292,295,296,299,498,493,492,497,497,492,493,495,494,501
222,223,293,294,292,295,296,297,498,493,492,497,497,492,493,495,494,501
222,223,293,294,292,295,296,297,498,493,492,497,497,492,493,495,494,501
222,223,293,294,292,295,296,297,498,493,492,497,497,492,493,495,494,501
222,223,293,294,292,295,296,297,498,493,492,497,497,492,493,495,494,501
222,223,293,294,292,295,296,297,498,493,492,497,497,492,493,495,494,501
222,223,293,294,292,295,296,297,498,493,492,497,497,492,493,495,494,501
222,223,293,294,292,295,296,297,498,493,492,497,497,492,493,495,494,501
222,223,293,294,292,295,296,297,498,493,492,497,497,492,493,495,494,501
222,223,293,294,292,295,296,297,498,493,492,497,497,492,493,495,494,501
222,223,293,294,292,295,296,297,498,493,492,497,497,492,493,495,494,501
222,223,293,294,292,295,296,297,498,493,492,497,497,492,493,495,494,501
222,223,293,294,292,295,296,297,498,493,492,497,497,492,493,495,494,501
222,223,293,294,292,295,296,297,498,493,492,497,497,492,493,495,494,501
222,223,293,294,292,295,296,297,498,493,492,497,497,492,493,495,494,501
222,223,293,294,292,295,296,297,498,493,492,497,497,492,493,495,494,501
222,223,293,294,292,295,296,297,498,493,492,497,497,492,493,495,494,501
222,223,293,294,292,295,296,297,498,493,492,497,497,492,493,495,494,501
222,223,293,294,292,295,296,297,498,493,492,497,497,492,493,495,494,501
222,223,293,294,292,295,296,297,498,493,492,497,497,492,493,495,494,501
222,223,293,294,292,295,296,297,498,493,492,497,497,492,493,495,494,501
222,223,293,294,292,295,296,297,498,493,492,497,497,492,493,495,494,501
222,223,293,294,292,295,296,297,498,493,492,497,497,492,493,495,494,501
222,223,293,294,292,295,296,297,498,493,492,497,497,492,493,495,494,501
222,223,293,294,290,295,296,297,498,493,492,497,497,492,493,495,494,501
222,223,291,294,290,295,296,297,498,493,492,497,497,492,493,495,494,501
222,223,291,294,290,295,296,297,498,493,492,497,497,492,493,495,494,501
222,223,291,294,290,295,296,297,498,493,492,497,497,492,493,495,494,501
222,223,291,294,290,295,296,297,498,493,492,497,497,492,493,495,494,501
222,223,291,294,290,295,296,297,498,493,492,497,497,492,493,495,494,501
222,223,291,294,290,295,296,297,498,493,492,497,497,492,493,495,494,501
222,223,291,294,290,295,296,297,498,493,492,497,497,492,493,495,494,501
222,223,291,294,290,295,296,297,498,493,492,497,497,492,493,495,494,501
222,223,291,294,290,295,296,297,498,493,492,497,497,492,493,495,494,501
222,223,291,294,290,295,296,297,498,493,492,497,497,492,493,495,494,501
222,223,291,294,290,295,296,297,498,493,492,497,497,492,493,495,494,501
222,223,291,294,290,295,296,297,498,493,492,497,497,492,493,495,494,501
222,223,291,293,290,292,296,297,498,493,492,497,497,492,493,495,494,501
222,223,291,293,288,292,296,297,498,493,492,497,497,492,493,495,494,501
222,223,289,293,288,292,296,297,498,493,492,497,497,492,493,495,494,501
222,223,289,293,288,292,296,297,498,493,492,497,497,492,493,495,494,501
222,223,289,293,288,292,296,297,498,493,492,497,497,492,493,495,494,501
222,223,289,293,288,292,296,297,498,493,492,497,497,492,493,495,494,501
222,223,289,293,288,292,296,297,498,493,492,497,497,492,493,495,494,501
222,223,289,293,288,292,296,297,498,493,492,497,497,492,493,495,494,501
222,223,289,293,288,292,296,297,498,493,492,497,497,492,493,495,494,501
222,223,289,293,288,292,294,297,498,493,492,497,497,492,493,495,494,501
222,223,289,293,288,292,294,297,498,493,492,497,497,492,493,495,494,501
222,223,289,293,288,292,294,297,498,493,492,497,497,492,493,495,494,501
222,223,289,293,288,292,294,297,498,493,492,497,497,492,493,495,494,501
222,223,289,293,288,292,294,297,498,493,492,497,497,492,493,495,494,501
222,223,289,292,288,290,294,297,498,493,492,497,497,492,493,495,494,501
222,223,289,291,288,290,294,297,498,493,492,497,497,492,493,495,494,501
222,223,289,291,288,290,294,297,498,493,492,497,497,492,493,495,494,501
222,223,289,291,288,290,294,297,498,493,492,497,497,492,493,495,494,501
222,223,289,291,288,290,294,297,498,493,492,497,497,492,493,495,494,501
222,223,289,291,288,290,294,297,498,493,492,497,497,492,493,495,494,501
222,223,289,291,288,290,294,297,498,493,492,497,497,492,493,495,494,501
222,223,289,291,288,290,294,297,498,493,492,497,497,492,493,495,494,501
222,223,289,291,288,290,294,297,498,493,492,497,497,492,493,495,494,501
222,223,289,291,288,290,292,295,498,493,492,497,497,492,493,495,494,501
222,223,289,291,288,290,292,295,498,493,492,497,497,492,493,495,494,501
222,223,289,291,288,290,292,295,498,493,492,497,497,492,493,495,494,501
222,223,289,291,288,290,292,295,498,493,492,497,497,492,493,495,494,501
222,223,289,291,288,290,292,295,498,493,492,497,497,492,493,495,494,501
222,223,289,291,288,290,292,295,498,493,492,497,497,492,493,495,494,501
222,223,289,291,288,290,292,295,498,493,492,497,497,492,493,495,494,501
222,223,289,291,288,290,292,295,498,493,492,497,497,492,493,495,494,501
222,223,289,291,288,290,292,295,498,493,492,497,497,492,493,495,494,501
222,223,289,291,288,290,292,295,498,493,492,497,497,492,493,495,494,501
222,223,289,291,288,290,292,295,498,493,492,497,497,492,493,495,494,501
222,223,289,291,288,290,292,295,498,493,492,497,497,492,493,495,494,501
222,223,289,291,288,290,292,295,498,493,492,497,497,492,493,495,494,501
222,223,289,291,288,290,292,295,498,493,492,497,497,492,493,495,494,501
222,223,289,291,288,290,292,293,498,493,492,497,497,492,493,495,494,501
222,223,289,291,288,290,292,293,498,493,492,497,497,492,493,495,494,501
222,223,289,291,288,290,292,293,498,493,492,497,497,492,493,495,494,501
222,223,289,291,288,290,292,293,498,493,492,497,497,492,493,495,494,501
222,223,289,291,288,290,292,293,498,493,492,497,497,492,493,495,494,501
222,223,289,291,288,290,292,293,498,493,492,497,497,492,493,495,494,501
222,223,289,291,288,290,292,293,498,493,492,497,497,492,493,495,494,501
222,223,289,291,288,290,292,293,498,493,492,497,497,492,493,495,494,501
222,223,289,291,288,290,292,293,498,493,492,497,497,492,493,495,494,501
222,223,289,291,288,290,292,293,498,493,492,497,497,492,493,495,494,501
222,223,289,291,288,290,292,293,498,493,492,497,497,492,493,495,494,501
222,223,289,291,288,290,292,293,498,493,492,497,497,492,493,495,494,501
222,223,289,291,288,290,292,293,498,493,492,497,497,492,493,495,494,501
222,223,289,291,288,290,292,293,498,493,492,497,497,492,493,495,494,501
222,223,289,291,288,290,292,293,498,493,492,497,497,492,493,495,494,501
222,223,289,291,288,290,292,293,498,493,492,497,497,492,493,495,494,501
222,223,289,291,288,290,292,293,498,493,492,497,497,492,493,495,494,501
222,223,289,291,288,290,292,293,498,493,492,497,497,492,493,495,494,501
222,223,289,291,288,290,292,293,498,493,492,497,497,492,493,495,494,501
222,223,289,291,288,290,292,293,498,493,492,497,497,492,493,495,494,501
222,223,289,291,288,290,292,293,498,493,492,497,497,492,493,495,494,501
222,223,289,291,288,290,292,293,498,493,492,497,497,492,493,495,494,501
222,223,289,291,288,290,292,293,498,493,492,497,497,492,493,495,494,501
222,223,289,291,288,290,292,293,498,493,492,497,497,492,493,495,494,501
222,223,289,291,288,290,292,293,498,493,492,497,497,492,493,495,494,501
222,223,289,291,288,290,292,293,498,493,492,497,497,492,493,495,494,501
222,223,289,291,288,290,292,293,498,493,492,497,497,492,493,495,494,501
222,223,289,291,288,290,292,293,498,493,492,497,497,492,493,495,494,501
222,223,289,291,288,290,292,293,498,493,492,497,497,492,493,495,494,501
222,223,289,291,288,290,292,293,498,493,492,497,497,492,493,495,494,501
222,223,289,291,288,290,292,293,498,493,492,497,497,492,493,495,494,501
222,223,289,291,288,290,292,293,498,493,492,497,497,492,493,495,494,501
222,223,289,291,288,290,292,293,498,493,492,497,497,492,493,495,494,501
222,223,289,291,288,290,292,293,498,493,492,497,497,492,493,495,494,501
222,223,289,291,288,290,291,293,498,493,492,497,497,492,493,495,494,501
222,223,289,291,288,290,291,293,498,493,492,497,497,492,493,495,494,501
222,223,289,291,286,290,291,293,498,493,492,497,497,492,493,495,494,501
222,223,287,291,286,290,291,293,498,493,492,497,497,492,493,495,494,501
222,223,287,291,286,290,291,293,498,493,492,497,497,492,493,495,494,501
222,223,287,291,286,290,291,293,498,493,492,497,497,492,493,495,494,501
222,223,287,291,286,290,291,293,498,493,492,497,497,492,493,495,494,501
222,223,287,291,286,290,291,293,498,493,492,497,497,492,493,495,494,501
222,223,287,291,286,290,291,293,498,493,492,497,497,492,493,495,494,501
222,223,287,291,286,290,291,293,498,493,492,497,497,492,493,495,494,501
222,223,287,291,286,290,291,293,498,493,492,497,497,492,493,495,494,501
222,223,287,291,286,290,291,293,498,493,492,497,497,492,493,495,494,501
222,223,287,291,286,290,291,293,498,493,492,497,497,492,493,495,494,501
222,223,287,291,286,290,291,293,498,493,492,497,497,492,493,495,494,501
222,223,287,291,286,290,291,293,498,493,492,497,497,492,493,495,494,501
222,223,287,291,286,290,291,293,498,493,492,497,497,492,493,495,494,501
222,223,287,291,284,290,291,293,498,493,492,497,497,492,493,495,494,501
222,223,285,291,284,288,291,293,498,493,492,497,497,492,493,495,494,501
222,223,285,291,284,288,291,293,498,493,492,497,497,492,493,495,494,501
